,vidname,frame_50
105,106,1
1138,1139,1
1841,002684,0
1838,001657,0
2857,001479,0
258,001698,0
748,749,1
1139,1140,1
310,000980,0
2924,000168,0
219,002642,0
2908,000365,0
1754,000979,0
1126,002573,0
1828,001008,0
654,002937,0
2335,002540,0
2136,002199,0
1163,002062,0
1647,000580,0
1634,000770,0
492,493,1
1110,000815,0
1595,000181,0
616,001928,0
1112,1113,1
1197,001428,0
967,002520,0
30,002675,0
1035,1036,1
2275,000470,0
1655,002475,0
1050,1051,1
2548,001709,0
753,001727,0
34,001004,0
493,000056,0
983,984,1
1208,000360,0
2527,001194,0
885,001760,0
1874,000409,0
1027,000622,0
768,001705,0
2478,002310,0
1361,000359,0
213,214,1
2408,001965,0
126,127,1
488,489,1
1767,002418,0
508,509,1
245,002210,0
1468,1469,1
2547,001963,0
472,473,1
2052,001312,0
1881,002198,0
2955,000192,0
1452,001010,0
350,001093,0
1329,1330,1
757,758,1
2413,000281,0
1545,000978,0
1349,1350,1
2632,001024,0
131,000524,0
800,000885,0
281,001459,0
309,310,1
1835,002214,0
186,002242,0
1928,002539,0
1401,002064,0
631,632,1
997,998,1
1768,001893,0
1861,000776,0
1542,002277,0
341,002888,0
2967,000991,0
1271,001678,0
23,24,1
401,402,1
897,898,1
411,002790,0
424,002560,0
2053,002138,0
2929,000998,0
65,66,1
2310,001336,0
213,000585,0
1427,000303,0
652,653,1
122,001059,0
1010,000428,0
301,002085,0
904,002924,0
2377,001362,0
1076,002770,0
749,002532,0
843,001501,0
2827,002662,0
627,628,1
2793,001070,0
1137,000732,0
2543,001399,0
24,000546,0
728,000050,0
2049,000496,0
1379,002097,0
2142,001723,0
1128,1129,1
1699,002081,0
507,508,1
1302,002455,0
2064,000866,0
2580,000245,0
378,379,1
2228,001741,0
1466,1467,1
101,000381,0
1925,002995,0
1097,000647,0
426,000839,0
930,000213,0
870,001131,0
2042,002107,0
442,443,1
261,262,1
228,002689,0
2740,002630,0
60,002485,0
2137,000408,0
1287,1288,1
569,570,1
960,000089,0
2299,000210,0
2068,001143,0
1237,002235,0
2957,000354,0
2181,000656,0
2720,002095,0
762,002346,0
420,001788,0
74,001207,0
1437,002834,0
767,768,1
992,000417,0
1662,000913,0
975,002978,0
232,002219,0
2313,002781,0
394,000450,0
217,218,1
2734,001845,0
2569,000842,0
1009,002971,0
2468,002780,0
149,000720,0
1286,001481,0
2592,001738,0
1410,002867,0
2448,000024,0
203,000582,0
1382,1383,1
976,977,1
692,693,1
217,000929,0
207,002810,0
2070,001371,0
2291,001799,0
743,002364,0
1361,1362,1
300,301,1
344,345,1
2175,002905,0
599,000236,0
2020,000491,0
8,000919,0
297,298,1
2046,002335,0
829,000847,0
1530,000947,0
2604,000242,0
1295,002832,0
1184,001241,0
487,488,1
2642,002231,0
2334,002772,0
2639,000754,0
2644,000906,0
898,899,1
636,001789,0
22,000926,0
2021,001771,0
1070,1071,1
724,725,1
2157,000437,0
1582,001850,0
1083,1084,1
1193,1194,1
1305,000766,0
177,178,1
2351,000071,0
771,772,1
1972,000666,0
47,000326,0
714,715,1
129,130,1
1751,002612,0
2629,000592,0
456,002103,0
2427,002179,0
507,002150,0
2871,000752,0
1934,000097,0
161,002083,0
921,000648,0
273,001230,0
2823,002450,0
1289,000761,0
2841,001642,0
945,946,1
2833,000797,0
20,002827,0
1339,002851,0
2147,000295,0
1297,000933,0
525,001942,0
243,000775,0
35,001838,0
2890,002654,0
1093,002746,0
91,92,1
1541,002879,0
101,102,1
215,216,1
1395,1396,1
113,002610,0
216,217,1
2120,002969,0
2339,000085,0
1414,001028,0
2382,001953,0
2736,000963,0
496,001980,0
2239,001914,0
1653,000746,0
452,453,1
4,001003,0
651,001321,0
1524,001859,0
619,000690,0
941,001335,0
229,001830,0
2284,000828,0
1782,000714,0
1160,002096,0
1303,000302,0
199,200,1
2785,002853,0
596,000838,0
114,000147,0
649,650,1
1007,1008,1
2060,002993,0
2224,002792,0
1300,1301,1
64,002218,0
607,001921,0
1775,001256,0
1702,002849,0
323,002076,0
1536,001634,0
59,001664,0
1447,002205,0
485,486,1
2666,000595,0
1798,002017,0
2079,000859,0
1448,000136,0
1460,1461,1
2379,002974,0
2542,002178,0
1181,002292,0
640,641,1
274,275,1
1323,000705,0
1181,1182,1
861,862,1
679,002194,0
254,255,1
1358,1359,1
1774,001858,0
482,002391,0
391,002909,0
268,002025,0
2386,002141,0
2156,002360,0
138,139,1
1335,002409,0
2345,000627,0
492,001184,0
1260,1261,1
2750,001617,0
2307,001560,0
645,646,1
2515,000476,0
802,803,1
522,001728,0
359,002844,0
255,000920,0
150,000512,0
1247,1248,1
2594,002149,0
1269,000757,0
748,000265,0
1646,001036,0
1235,000750,0
689,690,1
237,001839,0
1477,1478,1
181,001291,0
1623,000784,0
1583,000511,0
2084,000257,0
704,000254,0
1153,1154,1
812,813,1
927,000021,0
372,001060,0
2459,001798,0
1018,000080,0
1986,001572,0
2293,000479,0
120,002628,0
1052,002783,0
2661,000939,0
1008,002529,0
2383,000881,0
1852,001234,0
107,002274,0
36,001460,0
1402,002858,0
1142,1143,1
459,460,1
665,666,1
2762,002891,0
1720,002885,0
796,797,1
739,001718,0
1730,001431,0
2767,002262,0
66,000319,0
1698,001260,0
415,416,1
1067,001768,0
498,002739,0
289,000987,0
872,002586,0
2603,001390,0
1856,001650,0
345,346,1
834,002526,0
2257,002744,0
573,000231,0
31,000122,0
828,001995,0
1203,000536,0
2915,002290,0
2747,002066,0
265,266,1
1398,000357,0
1005,001703,0
1202,001884,0
1945,002350,0
1910,001517,0
2803,001873,0
1016,002181,0
445,446,1
43,000579,0
242,001461,0
2464,001753,0
2952,001616,0
782,001968,0
240,000781,0
37,38,1
890,891,1
2906,002600,0
201,001034,0
419,420,1
0,1,1
1340,1341,1
121,001865,0
1081,001333,0
501,002706,0
834,835,1
2087,000861,0
225,226,1
1886,001180,0
300,002243,0
1220,001883,0
719,720,1
2964,000502,0
2757,002059,0
17,18,1
498,499,1
2948,000953,0
1497,1498,1
835,000271,0
2938,000706,0
2529,002523,0
2668,001675,0
1559,001602,0
1611,001235,0
2223,001325,0
1316,001075,0
908,002785,0
2080,000065,0
1245,002497,0
764,000623,0
871,001303,0
1301,002667,0
1666,000117,0
488,002157,0
1365,000506,0
2685,001471,0
2421,000423,0
2194,000803,0
774,002379,0
949,002143,0
446,001920,0
2477,001595,0
1889,000604,0
565,002161,0
15,000541,0
377,378,1
853,854,1
669,670,1
672,673,1
224,225,1
1325,002260,0
41,002820,0
87,001238,0
2726,001280,0
126,000372,0
892,000010,0
1130,1131,1
2544,000079,0
1350,000702,0
2749,000503,0
1978,000030,0
2538,001160,0
2306,000674,0
2812,000338,0
1680,001203,0
889,000222,0
1021,002723,0
738,002955,0
1636,001803,0
2878,000104,0
2454,000686,0
280,281,1
334,335,1
2670,002831,0
401,002300,0
2781,002639,0
2430,001996,0
474,001987,0
1393,001271,0
275,276,1
1332,1333,1
1246,1247,1
2979,002636,0
48,49,1
682,000095,0
2631,001818,0
256,000578,0
560,561,1
2947,001881,0
147,000981,0
2894,000755,0
33,002681,0
1121,000472,0
110,002046,0
1194,1195,1
246,000547,0
1440,1441,1
87,88,1
925,926,1
2550,001355,0
1773,001064,0
655,656,1
1922,001348,0
2817,001483,0
1412,000966,0
482,483,1
2741,000167,0
283,002872,0
2227,000693,0
563,564,1
573,574,1
2611,001532,0
2778,001621,0
1431,001487,0
2225,001117,0
542,001179,0
1813,002646,0
2638,002467,0
2259,000221,0
2940,000362,0
1040,000877,0
1500,000107,0
315,316,1
206,002448,0
544,001945,0
1496,1497,1
458,001786,0
1104,1105,1
1507,000188,0
1044,002922,0
199,001206,0
2868,001674,0
105,001405,0
2555,002988,0
403,000457,0
63,64,1
2845,001828,0
1709,002623,0
2326,002918,0
25,001494,0
1525,001065,0
1468,002465,0
151,152,1
1201,000956,0
1049,000682,0
1037,002976,0
2662,000105,0
1979,000202,0
569,002102,0
2422,002374,0
1484,002805,0
923,002749,0
143,002874,0
1451,000304,0
2449,002773,0
1296,002658,0
1313,002693,0
2494,000643,0
333,002843,0
1909,002392,0
1348,1349,1
780,002983,0
2722,000504,0
1259,001215,0
293,294,1
1843,001233,0
1168,001283,0
188,189,1
810,811,1
434,435,1
1887,002361,0
826,002946,0
1476,1477,1
2200,002761,0
70,001469,0
515,516,1
2826,000909,0
231,232,1
1824,001498,0
2965,000730,0
986,001994,0
6,002672,0
1149,000967,0
981,982,1
1061,1062,1
1609,002682,0
4,5,1
338,002286,0
1914,002366,0
626,002765,0
1321,002294,0
543,000897,0
346,000373,0
827,000249,0
893,002323,0
1346,000530,0
898,001769,0
1386,000995,0
2065,001188,0
1406,000992,0
1745,000521,0
1217,002295,0
1721,002416,0
1422,001641,0
269,002819,0
179,180,1
1423,001225,0
2810,001289,0
681,001523,0
2701,001644,0
103,001061,0
468,469,1
69,000789,0
44,001807,0
489,000264,0
671,672,1
28,29,1
633,000831,0
197,002645,0
1039,1040,1
977,978,1
1060,1061,1
666,001944,0
2245,001936,0
479,001342,0
1095,000223,0
156,001296,0
945,000284,0
251,002446,0
996,997,1
2401,001502,0
489,490,1
2229,002302,0
645,000663,0
2170,002106,0
2746,000731,0
1098,001795,0
390,002135,0
1039,001199,0
2333,000819,0
968,000277,0
2423,002146,0
1708,000948,0
1456,001646,0
663,000862,0
2796,001084,0
2807,000169,0
296,000342,0
78,002012,0
1946,001189,0
1319,1320,1
68,69,1
10,002440,0
1308,002203,0
2442,002125,0
307,001638,0
1194,000531,0
1359,1360,1
399,400,1
2404,000843,0
1463,1464,1
2072,001715,0
2092,002994,0
368,000146,0
1639,000589,0
2605,002515,0
542,543,1
473,000069,0
798,002984,0
144,145,1
1487,002496,0
1192,002054,0
2463,000681,0
383,001320,0
223,224,1
1076,1077,1
418,002569,0
2718,001422,0
2769,000151,0
409,000033,0
962,002518,0
476,001389,0
2821,002034,0
1560,001430,0
900,001903,0
1418,002659,0
2500,000829,0
2436,002328,0
893,894,1
303,001432,0
1597,001437,0
1607,000313,0
231,000788,0
610,002308,0
1622,001656,0
949,950,1
2230,000455,0
1146,002866,0
1791,001030,0
2533,000422,0
2782,001880,0
428,429,1
570,000655,0
399,000239,0
713,001981,0
1921,002530,0
158,001050,0
1063,000018,0
866,002740,0
1493,000563,0
62,001032,0
605,002337,0
1707,000174,0
1513,001091,0
1108,001759,0
1661,002678,0
1635,002027,0
2804,001619,0
494,495,1
670,000061,0
1169,000351,0
1467,000332,0
1444,000760,0
966,002940,0
678,002352,0
985,002349,0
14,002216,0
1801,001833,0
1831,000315,0
1041,1042,1
785,001366,0
431,002104,0
2557,000425,0
2980,000161,0
2742,001889,0
739,740,1
1,001655,0
2416,002522,0
1765,000519,0
1470,000756,0
362,001863,0
2658,000337,0
1174,1175,1
1940,001383,0
93,001608,0
952,953,1
1731,002086,0
973,000421,0
47,48,1
988,989,1
790,002173,0
2624,000559,0
349,000141,0
2900,001217,0
270,271,1
162,163,1
940,941,1
1123,1124,1
1154,001419,0
1135,002257,0
329,330,1
2195,001589,0
235,236,1
2470,000023,0
1652,002011,0
2457,001906,0
783,784,1
100,002845,0
2510,000220,0
1416,1417,1
1799,000740,0
751,001343,0
604,000460,0
1743,001860,0
1518,002042,0
60,61,1
559,000252,0
99,002079,0
1144,001042,0
1341,1342,1
2641,002003,0
2836,000569,0
590,000494,0
2336,000217,0
2619,001169,0
1675,001667,0
1364,002251,0
369,001094,0
1132,1133,1
523,002991,0
1523,000385,0
1766,002840,0
822,002377,0
673,674,1
228,229,1
561,000060,0
2912,002264,0
1645,001204,0
1078,000215,0
471,001719,0
1186,1187,1
1753,000145,0
2023,002332,0
676,000637,0
697,698,1
2806,002068,0
2511,002577,0
1385,001847,0
248,249,1
816,002521,0
2861,000309,0
779,001950,0
1025,001394,0
1971,001714,0
2209,000694,0
754,002390,0
1581,000982,0
477,478,1
630,001319,0
2634,002493,0
2703,001476,0
1814,002474,0
1755,001251,0
272,273,1
2777,002898,0
646,647,1
2684,000765,0
2678,000133,0
2944,001875,0
408,002764,0
68,001831,0
136,000988,0
552,001522,0
1284,001647,0
1633,000542,0
2399,002989,0
2056,000039,0
553,554,1
1879,001977,0
1081,1082,1
2891,000103,0
976,002144,0
1352,1353,1
1429,002666,0
2090,000895,0
2798,002601,0
665,000896,0
1277,002009,0
684,001375,0
1074,002314,0
1579,002883,0
1337,001882,0
502,503,1
639,002762,0
1849,001802,0
1691,000379,0
2627,000901,0
2716,000194,0
2743,000355,0
2578,000083,0
1958,002165,0
653,001113,0
1413,001088,0
1304,002031,0
513,514,1
946,001732,0
2031,001924,0
2503,002570,0
2786,001048,0
1280,001011,0
297,002071,0
397,398,1
1341,000366,0
1837,000543,0
745,746,1
656,657,1
864,002324,0
432,002938,0
1264,1265,1
1191,1192,1
2708,000550,0
463,002567,0
651,652,1
2588,002176,0
836,837,1
306,307,1
693,694,1
340,001631,0
2486,002917,0
2113,002358,0
1424,001017,0
1387,1388,1
342,000387,0
1205,002053,0
1493,1494,1
2414,001353,0
2704,002035,0
1740,002847,0
2082,002500,0
2835,001817,0
714,000853,0
968,969,1
1270,002000,0
831,002370,0
1254,000902,0
323,324,1
163,001434,0
867,000017,0
2982,001281,0
598,599,1
2576,001363,0
1085,001565,0
2390,000040,0
2672,000930,0
1664,002812,0
911,000684,0
733,001388,0
484,001726,0
958,959,1
699,000402,0
776,001198,0
1665,001499,0
2325,001567,0
796,001392,0
820,000612,0
397,002338,0
811,000282,0
128,129,1
2213,001110,0
1342,000968,0
686,002990,0
719,002999,0
531,001989,0
1351,1352,1
688,001943,0
2312,001938,0
1260,002490,0
2950,002852,0
1082,003000,0
608,001579,0
274,002687,0
1378,001612,0
1197,1198,1
2131,001516,0
2012,002109,0
1742,001438,0
52,53,1
2359,002719,0
1229,1230,1
2183,002333,0
2660,002652,0
1474,1475,1
806,001734,0
2960,002631,0
683,001147,0
2027,002564,0
358,359,1
1472,1473,1
1425,002692,0
1215,001848,0
1904,002957,0
2694,000339,0
2271,001569,0
1013,001956,0
540,001717,0
2114,001529,0
1778,001090,0
813,001196,0
357,000945,0
554,555,1
1405,1406,1
2394,000272,0
881,000813,0
1231,002804,0
2138,002951,0
1141,1142,1
1215,1216,1
298,000726,0
1505,002419,0
1794,000116,0
1638,001669,0
2396,001166,0
2202,000204,0
376,002281,0
221,000327,0
754,755,1
1490,000597,0
1991,001915,0
2792,000390,0
2125,000054,0
2076,000633,0
1078,1079,1
2535,001736,0
1257,000591,0
2097,002735,0
1892,001510,0
2204,000660,0
2400,001730,0
1380,000961,0
1568,000340,0
776,777,1
1403,002256,0
700,701,1
2040,002563,0
845,001733,0
1894,000294,0
1621,001464,0
373,000380,0
1090,1091,1
1041,001905,0
826,827,1
333,334,1
1696,000180,0
441,002907,0
1519,002284,0
1096,1097,1
1549,002421,0
2106,001978,0
595,000004,0
1434,000767,0
2667,001447,0
1916,002702,0
2733,000997,0
955,002715,0
330,002620,0
930,931,1
202,203,1
670,671,1
433,434,1
2504,002910,0
380,001576,0
685,686,1
1144,1145,1
2162,001313,0
328,000177,0
49,50,1
2654,000753,0
29,30,1
1285,1286,1
1473,000564,0
2073,001527,0
55,56,1
532,533,1
2673,002469,0
1438,002008,0
1242,002463,0
602,000652,0
514,001177,0
1165,000507,0
1331,002099,0
560,001380,0
913,000442,0
1396,1397,1
2321,002786,0
1461,000903,0
1073,000443,0
1624,001232,0
528,529,1
1287,002204,0
51,000570,0
1300,000130,0
1502,000518,0
2763,001628,0
194,002477,0
577,578,1
2687,000791,0
249,000123,0
336,001890,0
2988,002094,0
2608,001364,0
711,712,1
1368,001282,0
1937,000063,0
2130,002393,0
2081,002732,0
797,798,1
2189,001314,0
1901,000856,0
2489,002584,0
2370,002345,0
2727,002405,0
1137,1138,1
1936,001377,0
486,487,1
653,654,1
702,703,1
0,000787,0
632,002568,0
2391,001192,0
1538,001406,0
21,22,1
643,001583,0
2669,001688,0
2999,001078,0
1391,1392,1
617,618,1
1576,000378,0
1546,001096,0
1610,001007,0
3,4,1
1989,002932,0
994,002172,0
706,707,1
2112,002956,0
490,491,1
61,62,1
1592,000175,0
264,002217,0
1729,000725,0
2775,001245,0
1795,002641,0
2093,002507,0
1551,000985,0
1796,000572,0
1738,000946,0
2117,000430,0
69,70,1
1967,001142,0
2263,002112,0
859,001758,0
2606,001156,0
287,001069,0
915,002127,0
2589,001952,0
2389,002373,0
2951,001424,0
1474,001670,0
2483,000218,0
2276,001790,0
1594,001261,0
2528,002711,0
304,305,1
2620,001955,0
1393,1394,1
182,000343,0
857,002915,0
2612,000873,0
629,002557,0
1353,001624,0
1384,1385,1
1454,1455,1
1162,1163,1
687,688,1
1071,1072,1
682,683,1
75,76,1
1035,002982,0
664,000298,0
2260,002576,0
2739,000709,0
2135,000098,0
192,001696,0
506,000607,0
1243,001020,0
1676,000587,0
2066,002369,0
1185,000155,0
1864,002445,0
870,871,1
2813,002837,0
2234,000203,0
954,000042,0
39,40,1
248,002674,0
2153,002536,0
2044,000650,0
1787,001454,0
153,154,1
326,001297,0
359,360,1
723,001176,0
1180,1181,1
1627,000314,0
1682,002029,0
2801,002057,0
218,219,1
726,002707,0
2443,002919,0
1046,1047,1
1606,000121,0
404,000665,0
75,001663,0
2029,000001,0
55,001690,0
2016,002590,0
1172,1173,1
1959,000632,0
387,388,1
609,000699,0
2805,002854,0
693,001372,0
903,000825,0
1532,002846,0
1469,001684,0
1465,002657,0
2499,002742,0
1933,001145,0
987,988,1
1506,001866,0
638,002550,0
1593,002622,0
2513,000012,0
2949,000739,0
2126,001186,0
1109,001933,0
858,002129,0
1317,000395,0
2729,000160,0
64,65,1
717,718,1
2078,002356,0
931,002120,0
92,93,1
1648,001452,0
2862,000907,0
2002,000037,0
2378,002148,0
1966,001370,0
1920,000267,0
233,002817,0
2342,002184,0
1000,001367,0
1643,000925,0
240,241,1
1210,001080,0
881,882,1
1104,001553,0
2095,000250,0
2217,000009,0
1004,1005,1
440,001123,0
1697,001052,0
611,612,1
2154,000605,0
2593,002975,0
2067,002967,0
1726,000517,0
2692,001449,0
1359,000957,0
259,000316,0
1367,1368,1
926,001904,0
809,810,1
462,463,1
1042,001139,0
850,851,1
2526,000046,0
2295,002578,0
584,585,1
2458,000478,0
2705,002809,0
2440,001592,0
589,001774,0
1714,000528,0
2828,001221,0
1333,001876,0
42,001699,0
406,000201,0
22,23,1
1122,1123,1
2525,001134,0
351,002272,0
1337,1338,1
204,001662,0
1421,1422,1
1599,001605,0
2405,001991,0
157,000344,0
2161,002596,0
2820,002808,0
1816,001037,0
316,317,1
2690,001015,0
2788,001414,0
388,002551,0
2818,000551,0
897,002111,0
1015,001704,0
733,734,1
2167,002750,0
910,911,1
2308,000680,0
2417,000275,0
302,001600,0
2032,001118,0
650,000697,0
218,000115,0
535,001387,0
1227,001279,0
115,001095,0
1488,001021,0
360,002078,0
2683,002032,0
799,001359,0
2243,000658,0
2096,000062,0
151,002245,0
2892,002230,0
1024,000246,0
1529,001895,0
1029,002175,0
1637,002488,0
1279,1280,1
1276,000108,0
1836,001491,0
393,394,1
1905,001173,0
49,000928,0
1612,001651,0
1239,002651,0
2018,001127,0
2910,000701,0
236,002680,0
448,001578,0
219,220,1
667,001178,0
1445,000552,0
197,198,1
1397,001285,0
2516,001796,0
1499,002650,0
530,000067,0
1391,001043,0
1480,1481,1
595,596,1
2424,000611,0
1170,002406,0
828,829,1
1736,001869,0
2522,001306,0
2320,001103,0
2006,000661,0
453,454,1
716,002397,0
191,002013,0
2051,002597,0
1330,000361,0
236,237,1
257,002821,0
2918,000391,0
1880,001379,0
1713,002871,0
1547,000144,0
329,001899,0
83,84,1
1802,001659,0
524,000890,0
2572,002943,0
312,000974,0
2034,000802,0
1480,001648,0
1291,000305,0
1590,001295,0
526,527,1
1017,001536,0
1620,001804,0
1400,000733,0
758,002510,0
1618,000748,0
398,002936,0
46,47,1
2115,001971,0
1228,000905,0
86,87,1
803,000871,0
450,001124,0
160,001262,0
2728,002637,0
991,002340,0
2174,001748,0
1792,002473,0
2935,000534,0
2128,001340,0
2896,002002,0
1704,000722,0
2846,002691,0
1292,000137,0
2689,001829,0
445,002799,0
536,000093,0
1046,000823,0
1491,001677,0
1089,000812,0
991,992,1
1687,001409,0
675,676,1
152,001898,0
1362,1363,1
1022,000074,0
2783,000952,0
2766,000535,0
1994,000695,0
2008,001912,0
1883,002537,0
1630,000126,0
1167,000163,0
225,000743,0
1150,1151,1
1221,002408,0
2469,001337,0
356,000179,0
1236,1237,1
355,001299,0
503,504,1
1815,000323,0
2426,001708,0
2553,001503,0
347,002424,0
285,000973,0
2388,000424,0
1820,000581,0
1577,002877,0
2664,002494,0
2455,001754,0
1953,001941,0
1460,000769,0
382,001112,0
1483,000904,0
1757,001063,0
2883,000558,0
230,231,1
1888,000436,0
1045,1046,1
1771,002285,0
1897,001948,0
734,001986,0
2460,002921,0
624,001584,0
781,001508,0
305,000184,0
1324,000537,0
1266,1267,1
1763,001867,0
290,002288,0
997,002516,0
133,002889,0
672,002504,0
51,52,1
1717,000984,0
1225,1226,1
550,002708,0
1170,1171,1
1056,1057,1
2536,001504,0
2159,000497,0
58,000584,0
773,002977,0
2866,001210,0
2995,002897,0
526,002166,0
1758,002282,0
1810,000575,0
2003,002304,0
934,935,1
1642,000119,0
29,002447,0
2887,001228,0
1169,1170,1
1585,002074,0
974,002376,0
765,002174,0
2635,002655,0
200,201,1
2300,000022,0
2211,001574,0
2281,002571,0
345,000989,0
2475,000675,0
2839,002468,0
82,002220,0
405,002132,0
1151,001841,0
1362,001871,0
56,000742,0
1575,001098,0
851,852,1
1526,001439,0
1759,001407,0
1586,002848,0
1626,001000,0
584,002559,0
1230,1231,1
649,001745,0
2466,001939,0
1974,002303,0
1240,000106,0
1803,002028,0
2937,002051,0
1100,1101,1
644,000451,0
402,403,1
787,002187,0
279,280,1
2621,000887,0
1109,1110,1
1907,001341,0
434,001781,0
422,001916,0
2626,002458,0
700,002355,0
1166,002634,0
363,364,1
1567,002417,0
1115,002587,0
1503,001892,0
18,19,1
2814,002239,0
1548,000376,0
1212,000394,0
2625,002800,0
1417,002833,0
1859,001496,0
620,001570,0
107,108,1
2905,000157,0
2573,001535,0
1153,002892,0
490,002533,0
2508,001937,0
2597,000626,0
761,000075,0
1556,002428,0
1993,001575,0
198,002483,0
1436,000935,0
529,530,1
677,000405,0
337,002629,0
1589,000347,0
1232,001649,0
638,639,1
290,291,1
2497,002326,0
494,002953,0
316,001051,0
149,150,1
2531,002147,0
777,000278,0
1047,1048,1
1107,1108,1
671,002736,0
3,002686,0
2252,000483,0
1213,001246,0
1230,002038,0
325,326,1
1938,002734,0
2779,001413,0
2258,000013,0
438,002594,0
495,000638,0
1960,002501,0
519,520,1
818,002145,0
2337,001365,0
531,532,1
598,002561,0
738,739,1
2074,002164,0
846,001992,0
2283,000014,0
1363,001429,0
1307,001486,0
1043,1044,1
2881,002461,0
1199,1200,1
1105,001137,0
2966,002067,0
1458,1459,1
936,001751,0
965,000419,0
537,001141,0
2028,000233,0
765,766,1
1453,1454,1
180,002414,0
2014,000834,0
304,001056,0
1574,000976,0
1613,000783,0
404,405,1
1760,001635,0
1902,001984,0
1020,001360,0
1854,001006,0
2765,000707,0
1234,001682,0
1164,1165,1
1725,002624,0
155,156,1
1114,1115,1
2628,001672,0
1983,001324,0
1114,001302,0
1762,000189,0
267,000772,0
964,965,1
377,001404,0
369,370,1
530,531,1
258,259,1
82,83,1
370,000374,0
1157,001879,0
1116,001130,0
1929,000860,0
319,320,1
680,001711,0
743,744,1
2653,000561,0
119,001891,0
1558,002087,0
34,35,1
1309,000792,0
2855,000556,0
1495,1496,1
1705,000510,0
2346,002170,0
1145,1146,1
718,001720,0
1845,002825,0
2139,002509,0
2083,001385,0
825,002348,0
247,001495,0
1200,000358,0
1469,1470,1
2488,001301,0
2385,001739,0
1876,001983,0
2732,001079,0
2301,002775,0
2657,002838,0
1443,002037,0
1209,000152,0
44,45,1
791,002341,0
366,000522,0
2933,002899,0
387,000206,0
24,25,1
131,132,1
551,000863,0
726,727,1
950,000614,0
1192,1193,1
1120,002325,0
587,001926,0
2990,000962,0
174,175,1
742,002156,0
1328,1329,1
1924,000894,0
234,000318,0
1439,000599,0
252,001208,0
1415,1416,1
2384,002980,0
2353,002389,0
2584,001999,0
393,001582,0
1695,002876,0
1387,001249,0
1222,002850,0
357,358,1
353,000717,0
2407,002942,0
1013,1014,1
521,522,1
1764,002088,0
2004,000453,0
2343,002342,0
969,970,1
1311,001472,0
1347,002267,0
2898,001441,0
167,000388,0
40,41,1
914,002315,0
1489,001445,0
2677,000301,0
1372,000162,0
2738,002862,0
533,534,1
1781,002427,0
2110,001985,0
2264,002320,0
703,002503,0
468,000801,0
956,002527,0
1216,001410,0
2541,002944,0
86,000321,0
1952,001519,0
760,000849,0
701,002167,0
2439,000440,0
2931,001412,0
2824,000307,0
385,000808,0
922,002923,0
1352,002293,0
757,001395,0
600,002939,0
117,000729,0
2177,000038,0
2119,002155,0
2586,000413,0
161,162,1
2870,001446,0
1570,002073,0
1006,1007,1
1562,000186,0
481,482,1
1723,001293,0
2118,000602,0
1356,1357,1
717,001512,0
41,42,1
2830,002696,0
33,34,1
361,362,1
2054,002904,0
322,323,1
464,465,1
1375,1376,1
1692,001099,0
660,000608,0
2214,001322,0
729,002363,0
1148,001089,0
1508,001268,0
691,002158,0
860,861,1
2471,002774,0
125,126,1
1848,002489,0
2168,000463,0
239,001237,0
1735,001055,0
1030,002347,0
910,001756,0
2190,001770,0
2595,000048,0
1426,002454,0
1096,002574,0
1973,002131,0
1370,1371,1
1501,002841,0
1514,000143,0
116,002842,0
585,586,1
92,002811,0
957,000270,0
475,476,1
1235,1236,1
2445,002541,0
1663,000779,0
1494,1495,1
724,000262,0
2872,001680,0
2297,001309,0
221,222,1
2959,002403,0
1344,001086,0
209,210,1
1819,001661,0
266,001492,0
1176,000960,0
128,000716,0
706,001988,0
2640,001686,0
196,000112,0
736,737,1
2962,000166,0
1543,000520,0
696,001524,0
409,410,1
2717,001046,0
1466,000100,0
629,630,1
1253,001488,0
54,002015,0
877,001935,0
265,000540,0
127,002425,0
1375,001044,0
195,196,1
2502,000227,0
2237,000031,0
2968,001843,0
2799,000532,0
1305,1306,1
1056,002777,0
2057,001923,0
154,002621,0
163,164,1
2954,001272,0
2304,002311,0
1349,002869,0
1107,002580,0
1420,001473,0
2681,000557,0
1891,002395,0
1428,1429,1
1462,1463,1
292,293,1
2819,002206,0
808,002383,0
1573,002241,0
1072,001591,0
1555,002870,0
165,000986,0
2568,002729,0
800,801,1
1258,001671,0
7,000125,0
2904,001085,0
2540,001352,0
875,001555,0
2816,001810,0
1110,1111,1
289,290,1
1877,002508,0
435,000495,0
545,000299,0
941,942,1
309,001852,0
59,60,1
2197,002902,0
855,000028,0
883,000480,0
2160,001777,0
38,001652,0
648,001577,0
2480,000688,0
1371,002635,0
2601,002727,0
918,919,1
1100,002322,0
2371,000412,0
439,001311,0
575,576,1
964,000841,0
307,308,1
1318,001247,0
108,000523,0
1438,1439,1
2280,000226,0
2753,000193,0
887,002581,0
2107,001144,0
424,425,1
2797,000156,0
1129,1130,1
85,002476,0
1330,1331,1
262,000918,0
1850,000588,0
2250,001763,0
79,80,1
130,131,1
1895,001346,0
1278,002835,0
1315,001849,0
2101,000634,0
11,000773,0
1812,000111,0
2432,001398,0
1241,000334,0
417,000830,0
612,000209,0
461,000002,0
606,002798,0
1034,001509,0
1769,000941,0
815,002713,0
1427,1428,1
932,000677,0
200,001808,0
35,36,1
2140,000850,0
1334,000198,0
579,001919,0
2419,001195,0
1112,002128,0
2344,000415,0
1737,001894,0
2493,001791,0
2602,000070,0
869,002572,0
278,000927,0
28,000310,0
1172,001248,0
2309,001752,0
534,535,1
1557,000971,0
2521,001762,0
2476,000447,0
830,831,1
384,002763,0
332,001864,0
1311,1312,1
1872,000749,0
1079,001101,0
538,001373,0
1600,000777,0
606,607,1
343,001255,0
2251,001551,0
1817,002480,0
1996,001323,0
2882,002801,0
437,001775,0
1716,002429,0
515,000899,0
166,001068,0
170,000718,0
1207,002437,0
2844,001014,0
291,292,1
2559,002140,0
1948,000269,0
715,002738,0
2917,001243,0
467,468,1
430,002336,0
279,000329,0
2487,001133,0
2616,002388,0
2925,001872,0
654,655,1
2102,001520,0
1893,001722,0
1358,002258,0
2649,001478,0
1981,002793,0
12,002818,0
338,339,1
969,001197,0
2303,001594,0
1823,000912,0
2492,000485,0
2770,002606,0
1615,000922,0
747,000057,0
2671,000568,0
2558,002372,0
1423,1424,1
2235,002554,0
1491,1492,1
1486,001213,0
1919,000869,0
1770,001632,0
2287,001132,0
2715,001274,0
804,000429,0
838,002714,0
1797,002225,0
1069,001902,0
1205,1206,1
212,001457,0
1075,000027,0
1085,1086,1
1540,002045,0
532,002730,0
1130,000356,0
767,001537,0
2581,002512,0
45,001209,0
2643,000566,0
1166,1167,1
878,002912,0
1327,001081,0
2144,001511,0
2886,001826,0
179,000185,0
2993,000708,0
1189,002430,0
173,174,1
407,002556,0
987,000846,0
2768,001083,0
2650,001820,0
2907,002432,0
1370,002407,0
475,000855,0
1522,001257,0
2663,001211,0
2554,002386,0
2899,001673,0
2246,000448,0
16,001493,0
775,000876,0
23,002211,0
2702,000796,0
2914,001415,0
1614,001463,0
529,002354,0
711,002952,0
2546,001997,0
1306,000554,0
2719,001610,0
2319,002927,0
567,000467,0
1776,000384,0
232,233,1
591,001546,0
524,525,1
2679,002664,0
275,001002,0
2387,000616,0
1998,001111,0
21,000328,0
378,001744,0
449,001918,0
1511,002426,0
1890,002153,0
2656,002004,0
2479,001568,0
1672,001693,0
601,602,1
295,001290,0
851,002189,0
1912,002968,0
1001,000087,0
291,002886,0
622,002133,0
1869,000923,0
1673,000573,0
2773,001077,0
467,002558,0
1433,002030,0
254,002479,0
1017,1018,1
2088,002538,0
1968,000090,0
2033,002769,0
2921,001288,0
1516,000527,0
1088,1089,1
477,002954,0
1344,1345,1
759,002722,0
1584,002246,0
363,000710,0
1117,000486,0
935,002312,0
1092,1093,1
2975,000737,0
1617,002823,0
2859,001821,0
1367,002063,0
810,001350,0
948,002385,0
2815,001448,0
558,559,1
2151,001181,0
1394,1395,1
2713,002451,0
1426,1427,1
837,838,1
1451,1452,1
1941,000251,0
2450,001330,0
27,002023,0
264,265,1
32,001236,0
2714,000306,0
990,001538,0
1360,001885,0
472,001973,0
331,001058,0
1943,000635,0
1290,1291,1
2150,000053,0
2780,002296,0
1976,001586,0
1674,002224,0
2707,001482,0
353,354,1
2885,002459,0
1578,002279,0
1090,002779,0
220,002470,0
2392,002717,0
607,608,1
2575,002182,0
841,001959,0
568,002330,0
453,001772,0
480,481,1
947,001500,0
1521,001633,0
1554,000529,0
1851,001668,0
1134,1135,1
2577,001151,0
977,000613,0
336,337,1
1219,000951,0
299,000514,0
2185,002565,0
1472,002233,0
802,002528,0
555,001374,0
1047,001562,0
1348,002055,0
993,000625,0
1875,000851,0
497,000852,0
1965,002733,0
707,708,1
2373,002183,0
250,000311,0
961,001967,0
1416,000758,0
5,001231,0
1658,002647,0
874,000487,0
1463,001019,0
1866,000120,0
9,000317,0
1414,1415,1
470,471,1
1498,002462,0
2613,002718,0
762,763,1
2646,002807,0
2723,000736,0
1657,000110,0
627,000032,0
1357,002856,0
412,001929,0
365,002275,0
546,002996,0
2254,001909,0
280,001801,0
896,001794,0
2934,001620,0
227,228,1
1268,001685,0
1323,1324,1
2501,000015,0
577,001317,0
2566,001158,0
1761,001269,0
416,000691,0
1428,000131,0
907,001100,0
191,192,1
2901,002492,0
1475,1476,1
2069,000091,0
500,001974,0
1975,000454,0
2484,000816,0
1201,1202,1
2532,000610,0
53,002829,0
1098,1099,1
2599,002343,0
593,002595,0
1700,001604,0
2062,000892,0
282,000719,0
1254,1255,1
1528,000349,0
183,000171,0
2755,001273,0
50,002643,0
804,805,1
631,001917,0
96,001896,0
2832,001645,0
697,002193,0
1711,000346,0
789,000624,0
396,001549,0
2322,001331,0
1091,001934,0
413,001115,0
2764,002050,0
2902,001025,0
210,001239,0
208,000549,0
793,002725,0
125,001092,0
2911,000533,0
1175,002439,0
2863,002208,0
98,001298,0
2011,000498,0
1878,000099,0
97,98,1
104,002280,0
2712,002663,0
2467,001105,0
2622,001229,0
856,000814,0
862,001793,0
1053,002545,0
284,002618,0
508,002362,0
1449,002661,0
735,000854,0
2261,001797,0
1010,1011,1
5,6,1
2932,002297,0
505,002534,0
2361,000618,0
2164,002562,0
1739,000348,0
1199,002857,0
2709,002207,0
912,001590,0
771,000081,0
911,912,1
13,002024,0
1572,000516,0
2874,002005,0
562,563,1
455,001540,0
1496,002006,0
379,000696,0
825,826,1
1264,002656,0
501,502,1
1977,002767,0
1155,1156,1
1331,1332,1
1299,001029,0
2367,002513,0
11,12,1
553,002195,0
2368,000620,0
879,000679,0
454,000492,0
732,733,1
1459,002802,0
1256,001443,0
1322,1323,1
2928,000396,0
1668,002472,0
2875,002237,0
1625,002685,0
1249,001824,0
948,949,1
1677,001455,0
1319,001623,0
1951,002992,0
311,000148,0
1689,000983,0
1844,002019,0
1275,000934,0
1913,002154,0
2956,001040,0
315,001263,0
2570,001990,0
2398,001354,0
2026,000657,0
750,001171,0
216,001201,0
1650,000574,0
2571,000628,0
2970,001629,0
1229,000139,0
562,002737,0
1565,000172,0
344,001067,0
135,001402,0
211,001665,0
528,000403,0
1124,002117,0
2091,001349,0
1553,002884,0
1089,1090,1
534,000255,0
1980,002555,0
1432,002202,0
1484,1485,1
1376,000196,0
1011,002985,0
2963,002255,0
2255,001307,0
2184,002757,0
314,002049,0
129,002041,0
924,000822,0
2186,000232,0
1679,002486,0
1003,001969,0
934,000445,0
2434,000229,0
973,974,1
1259,1260,1
1356,001072,0
766,767,1
1533,001062,0
58,59,1
1087,1088,1
585,002901,0
1783,002043,0
766,002948,0
503,000051,0
2180,001784,0
918,000214,0
133,134,1
81,82,1
245,246,1
620,621,1
2876,000560,0
2636,000102,0
704,705,1
2155,002152,0
852,001966,0
9,10,1
1171,002895,0
680,681,1
1481,001822,0
1906,000293,0
483,001514,0
540,541,1
2192,000490,0
1026,1027,1
1950,002368,0
371,002423,0
876,001109,0
2059,001518,0
2290,001764,0
2561,002524,0
2017,001315,0
1777,002615,0
2551,001167,0
354,002040,0
1163,1164,1
2837,001689,0
2761,001842,0
2331,002316,0
46,002471,0
2013,002935,0
516,517,1
109,000711,0
177,001265,0
1020,1021,1
1381,1382,1
428,002752,0
1641,002018,0
2036,002903,0
1246,001676,0
95,000944,0
2001,002760,0
1251,1252,1
2539,000280,0
2268,002916,0
61,001200,0
2725,000352,0
1383,000539,0
1306,1307,1
172,002619,0
175,176,1
650,651,1
1340,002431,0
2591,002981,0
658,001910,0
324,000721,0
2958,001286,0
2055,000805,0
2089,001947,0
928,002776,0
2789,002291,0
1121,1122,1
580,000493,0
2403,002728,0
1458,001489,0
2369,002177,0
2691,002690,0
2888,000331,0
2977,002252,0
674,001381,0
516,001345,0
1328,002604,0
1408,002893,0
1517,000715,0
2015,000008,0
2481,001930,0
824,001539,0
2495,002114,0
1204,002261,0
1712,001294,0
135,136,1
1354,000392,0
2366,000244,0
1329,002436,0
1268,1269,1
655,002339,0
444,000208,0
669,002997,0
1741,002249,0
1138,002859,0
26,000774,0
81,000577,0
235,000916,0
2645,000308,0
2675,001218,0
1733,001267,0
1596,001053,0
2623,001827,0
317,000183,0
1120,1121,1
1071,000671,0
2724,002061,0
1080,002784,0
568,569,1
478,002168,0
2193,002768,0
2425,001962,0
2108,000096,0
1488,1489,1
1932,001521,0
2111,000259,0
419,002931,0
2205,002137,0
2879,000938,0
1398,1399,1
2163,001121,0
909,001564,0
412,413,1
420,421,1
305,306,1
2210,001746,0
1267,1268,1
2946,002638,0
1805,000915,0
1984,000692,0
518,519,1
1099,002110,0
1083,001757,0
2530,000274,0
2630,001440,0
1028,002949,0
1899,001970,0
168,002887,0
1786,000586,0
797,002517,0
123,002617,0
2730,002896,0
2676,002456,0
1217,1218,1
1988,002758,0
1369,1370,1
2545,000845,0
1127,002741,0
2282,002743,0
80,81,1
756,000247,0
396,397,1
306,001264,0
2324,001755,0
2272,001931,0
322,002244,0
608,609,1
293,002627,0
2610,002185,0
2350,002726,0
253,001806,0
273,274,1
1065,002925,0
172,173,1
1686,001658,0
134,002287,0
421,000468,0
1125,000224,0
2682,002200,0
2376,000082,0
439,440,1
2851,000300,0
520,002965,0
1494,001683,0
1117,1118,1
2298,002547,0
1200,1201,1
2842,000790,0
749,750,1
2983,002404,0
619,620,1
992,993,1
436,437,1
1926,000438,0
2737,002608,0
575,002754,0
2893,000567,0
1384,002894,0
459,000466,0
2317,000826,0
1392,000191,0
234,235,1
2680,001485,0
1421,000793,0
2269,002318,0
2437,001559,0
1031,000410,0
1193,000703,0
2285,001300,0
2711,000134,0
1750,002420,0
271,272,1
2852,002033,0
132,001630,0
2431,000078,0
1939,002506,0
308,002881,0
72,001809,0
2182,000464,0
1282,001475,0
2744,001287,0
1457,001474,0
7,8,1
2659,002460,0
1644,002481,0
1002,001155,0
2289,000484,0
1165,1166,1
1955,000400,0
832,002142,0
1283,000795,0
662,002709,0
865,000473,0
39,000921,0
215,002484,0
892,893,1
2123,002703,0
1092,001108,0
1131,002401,0
1304,1305,1
2834,001219,0
2270,000689,0
198,199,1
1363,1364,1
63,002816,0
319,002082,0
339,340,1
1226,001877,0
723,724,1
541,542,1
1822,002679,0
469,000459,0
1885,000052,0
637,000207,0
718,719,1
582,001773,0
257,258,1
1122,000640,0
441,442,1
10,11,1
615,001114,0
2206,002305,0
2022,000465,0
850,000418,0
98,99,1
2512,002745,0
202,001450,0
1145,000190,0
2286,002585,0
2446,000216,0
1213,1214,1
212,213,1
1497,000335,0
2985,001047,0
45,46,1
778,779,1
1054,000212,0
295,296,1
989,001960,0
1718,001856,0
938,001563,0
972,002712,0
43,44,1
2273,002788,0
2122,002531,0
1873,002950,0
260,002441,0
25,26,1
868,000225,0
1833,000771,0
270,001466,0
358,001897,0
1285,000553,0
899,000489,0
171,002873,0
2923,000954,0
894,000474,0
1858,002213,0
1535,000382,0
772,001153,0
252,253,1
940,002782,0
1014,001358,0
2098,000406,0
2294,000821,0
2357,000288,0
2402,002387,0
1084,000685,0
2784,000738,0
1476,000590,0
770,001361,0
2978,000505,0
436,001547,0
1250,001018,0
19,002229,0
1088,000678,0
727,001182,0
558,002505,0
298,299,1
455,456,1
139,001254,0
2039,002751,0
1077,002542,0
510,001721,0
1411,1412,1
402,001585,0
2218,000835,0
320,321,1
2292,002920,0
2585,002344,0
1403,1404,1
1970,002191,0
469,470,1
1023,000848,0
1296,1297,1
499,001148,0
1534,001250,0
2562,000273,0
118,000943,0
687,000891,0
2094,001382,0
1748,002044,0
2045,000462,0
740,001972,0
193,000744,0
2506,000811,0
2607,000084,0
848,002519,0
495,496,1
2171,001783,0
939,940,1
1896,001174,0
2674,001816,0
601,002105,0
2071,002190,0
1684,000914,0
1903,002359,0
1032,000883,0
1012,1013,1
1106,001305,0
698,699,1
187,002070,0
1868,001039,0
1790,001202,0
1228,1229,1
2903,001819,0
2710,000908,0
1415,001814,0
656,000836,0
675,002160,0
1187,000969,0
541,001525,0
288,001855,0
1051,001106,0
400,401,1
226,000571,0
994,995,1
1281,1282,1
2341,001701,0
429,430,1
483,484,1
1603,001497,0
1161,001421,0
1811,002222,0
891,002747,0
1336,000950,0
1454,001222,0
705,706,1
807,001506,0
640,000035,0
566,000636,0
971,000879,0
138,000386,0
425,000237,0
2452,002787,0
77,000583,0
2884,000900,0
415,001743,0
2582,002720,0
2356,001168,0
16,17,1
2809,000955,0
120,121,1
783,000086,0
2505,000449,0
1,2,1
1269,1270,1
2652,002236,0
2364,000076,0
691,692,1
1847,000118,0
978,001507,0
1116,1117,1
2165,000235,0
786,001702,0
8,9,1
1055,000020,0
173,000972,0
1587,000723,0
2,001467,0
164,001854,0
2262,000645,0
543,544,1
1478,001214,0
1150,000369,0
1462,002668,0
1025,1026,1
944,001356,0
1248,000596,0
451,002593,0
1291,1292,1
678,679,1
852,853,1
1628,002443,0
362,363,1
204,205,1
142,143,1
1715,000970,0
1900,000258,0
2215,002934,0
481,001170,0
2265,000477,0
71,001035,0
731,000606,0
2173,001922,0
1865,002677,0
1752,001097,0
30,31,1
1214,001074,0
1789,002487,0
2274,002327,0
769,002180,0
981,001351,0
1125,1126,1
906,907,1
238,001005,0
400,000837,0
88,001836,0
594,595,1
2172,000651,0
1277,1278,1
2523,002583,0
1997,002794,0
83,000113,0
1477,001026,0
539,002192,0
1445,1446,1
513,001513,0
1608,002444,0
2498,000471,0
294,002415,0
1251,002803,0
375,001636,0
1829,002670,0
1407,001418,0
1195,002266,0
1123,001792,0
286,287,1
1566,002625,0
1263,002464,0
1293,002660,0
2005,001581,0
1834,002026,0
2919,002069,0
95,96,1
2179,002101,0
407,408,1
752,000291,0
2302,000446,0
872,873,1
657,000238,0
1631,002215,0
106,107,1
214,001033,0
1297,1298,1
1265,000101,0
2787,001874,0
90,91,1
2188,002591,0
139,140,1
2831,001477,0
1944,000407,0
2695,000937,0
634,635,1
2038,000006,0
2314,001558,0
2143,002394,0
985,986,1
863,002116,0
27,28,1
1499,1500,1
2665,001023,0
2795,000364,0
647,648,1
429,000461,0
1190,000367,0
155,002413,0
1531,002248,0
517,000297,0
2997,000996,0
374,001252,0
2201,000036,0
1839,000785,0
839,001357,0
1809,001695,0
282,283,1
2973,000965,0
1410,1411,1
320,001607,0
1310,001640,0
2397,000286,0
2178,000804,0
836,001191,0
2372,001706,0
2198,001119,0
1132,002633,0
2961,001888,0
2253,001135,0
2007,002136,0
1057,001596,0
2485,002319,0
460,461,1
741,000601,0
2579,001397,0
925,001138,0
1038,000279,0
2474,002122,0
2524,001908,0
141,000149,0
1147,002268,0
148,002077,0
2825,000135,0
2994,002299,0
2009,002599,0
2406,000629,0
2811,000936,0
571,001787,0
2207,000452,0
112,002422,0
720,001344,0
1710,002411,0
970,971,1
271,000786,0
1659,001009,0
40,002478,0
1141,001614,0
395,001911,0
988,000248,0
2648,000798,0
668,002399,0
325,002412,0
1830,000127,0
1995,001747,0
1987,000833,0
1281,002694,0
2943,002607,0
361,001609,0
1870,002648,0
2358,000872,0
486,000432,0
979,002382,0
1724,000173,0
970,000045,0
1278,1279,1
1806,000129,0
873,001767,0
753,754,1
673,000253,0
592,593,1
2802,000700,0
2981,000353,0
1923,001946,0
52,002227,0
2109,000857,0
791,792,1
57,001456,0
2534,002375,0
1308,1309,1
1207,1208,1
26,27,1
1969,001526,0
194,195,1
2942,000150,0
1086,001598,0
2969,002890,0
2429,000844,0
1616,002649,0
593,594,1
2748,002254,0
1033,001951,0
2000,002552,0
814,000044,0
550,551,1
2105,001376,0
2945,001049,0
1206,000704,0
1435,000109,0
2560,000617,0
1146,1147,1
942,001164,0
1312,001016,0
2939,002435,0
2895,001687,0
1800,001692,0
1871,002822,0
1605,002676,0
2352,002987,0
2355,000886,0
778,000882,0
2158,001545,0
614,002791,0
374,375,1
2556,001731,0
1591,000949,0
744,000433,0
2647,002209,0
1580,001408,0
548,549,1
2838,002830,0
302,303,1
276,002826,0
2451,001102,0
37,000780,0
1544,002613,0
1374,001878,0
318,001435,0
13,14,1
132,133,1
97,000178,0
853,000088,0
2305,002123,0
176,001601,0
1804,002814,0
2473,000211,0
142,002048,0
1671,000741,0
648,649,1
2323,000687,0
2922,001886,0
1188,002602,0
2987,001611,0
2860,002698,0
1405,001840,0
348,002616,0
641,642,1
999,000073,0
1023,1024,1
318,319,1
410,001327,0
1478,1479,1
2362,002721,0
427,000005,0
2,3,1
313,002875,0
65,000917,0
886,001304,0
414,001571,0
1312,1313,1
547,002398,0
967,968,1
2395,000888,0
2288,001556,0
1236,002007,0
551,552,1
102,103,1
79,001697,0
812,000878,0
2941,001082,0
1058,000444,0
321,000513,0
442,002309,0
1179,001625,0
1004,001531,0
510,511,1
2976,002060,0
1388,001615,0
2520,000482,0
688,689,1
1007,000870,0
1842,001001,0
1307,1308,1
2850,002457,0
982,000283,0
2231,001587,0
963,001993,0
1140,001426,0
833,000615,0
2700,001220,0
1821,001453,0
966,967,1
2409,001159,0
1233,001823,0
1129,001284,0
583,000800,0
2688,001227,0
114,115,1
556,000094,0
244,245,1
2244,001338,0
437,438,1
624,625,1
1366,000734,0
725,002535,0
222,002014,0
710,711,1
1320,001411,0
1832,002442,0
708,002731,0
435,436,1
1353,1354,1
2242,002933,0
1066,000488,0
1479,002491,0
2519,001550,0
727,728,1
1515,002270,0
2166,000007,0
750,751,1
931,932,1
253,254,1
261,002673,0
141,142,1
2169,002334,0
2196,000669,0
2537,002381,0
827,828,1
144,001639,0
2086,000439,0
639,640,1
2482,002789,0
80,000745,0
1793,000324,0
